id,real,altered,review
07_vestur_cucl,07 Vestur,Vestur Black,
1_fc_heidenheim_1846,1.FC Heidenheim 1846,Heidenheim Red,
1_fc_heidenheim_1846_cucl,1.FC Heidenheim 1846,Heidenheim Red,
1_fc_koln,1.FC Köln,Köln Red,
1_fc_koln_cucl,1.FC Köln,Köln Red,
1_fc_nuremberg,1.FC Nuremberg,Nuremberg Claret,
1_fc_slovacko_cucl,1.FC Slovacko,Slovacko Navy,
1_fc_union_berlin,1.FC Union Berlin,Berlin Red,
1_fc_union_berlin_cucl,1.FC Union Berlin,Berlin Red,
1_fsv_mainz_05,1.FSV Mainz 05,Mainz Red,
1_fsv_mainz_05_cucl,1.FSV Mainz 05,Mainz Red,
1_fsv_mainz_05_uecl,1.FSV Mainz 05,Mainz Red,
aarhus_gf_cucl,Aarhus GF,GF Navy,
aberdeen_fc_cucl,Aberdeen FC,Aberdeen Red,
aberdeen_fc_uecl,Aberdeen FC,Aberdeen Red,
ac_ajaccio,AC Ajaccio,Ajaccio Sky,
ac_juvenes_dogana_cucl,AC Juvenes-Dogana,Juvenes-Dogana Red,
ac_libertas_cucl,AC Libertas,Libertas Claret,
ac_milan,AC Milan,Milan Black,
ac_milan_cucl,AC Milan,Milan Black,
ac_milan_ucl,AC Milan,Milan Black,
ac_monza,AC Monza,Monza Red,
ac_oulu_cucl,AC Oulu,Oulu Navy,
ac_sparta_prague_cucl,AC Sparta Prague,Prague Claret,
ac_sparta_prague_ucl,AC Sparta Prague,Prague Claret,
ac_sparta_prague_uecl,AC Sparta Prague,Prague Claret,
ac_virtus_acquaviva_cucl,AC Virtus Acquaviva,Acquaviva Green,
acf_fiorentina,ACF Fiorentina,Fiorentina Purple,
acf_fiorentina_cucl,ACF Fiorentina,Fiorentina Purple,
acf_fiorentina_uecl,ACF Fiorentina,Fiorentina Purple,
acsc_fc_arges_cucl,ACSC FC Arges,Arges Purple,
ae_kifisia_cucl,AE Kifisia,Kifisia Navy,
ae_larisa_cucl,AE Larisa,Larisa Claret,
aek_athens_cucl,AEK Athens,Athens Yellow,
aek_athens_uecl,AEK Athens,Athens Yellow,
aek_larnaca_cucl,AEK Larnaca,Larnaca Yellow,
aek_larnaca_uecl,AEK Larnaca,Larnaca Yellow,
ael_limassol_cucl,AEL Limassol,Limassol Yellow,
af_elbasani_cucl,AF Elbasani,Elbasani Yellow,
afc_bournemouth,AFC Bournemouth,Bournemouth Black,
afc_bournemouth_cucl,AFC Bournemouth,Bournemouth Black,
afc_unirea_04_slobozia_cucl,AFC Unirea 04 Slobozia,Slobozia Blue,
aik_cucl,AIK,Stockholm Black,
aj_auxerre,AJ Auxerre,Auxerre Black,
aj_auxerre_cucl,AJ Auxerre,Auxerre Black,
ajax_amsterdam_cucl,Ajax Amsterdam,Amsterdam Black,
ajax_amsterdam_ucl,Ajax Amsterdam,Amsterdam Black,
akritas_chloraka_cucl,Akritas Chloraka,Chloraka Green,
alanyaspor_cucl,Alanyaspor,Alanya Orange,
alashkert_yerevan_fc_cucl,Alashkert Yerevan FC,Yerevan Blue,
algeria_nt,Algeria,Algeria,
amiens_sc,Amiens SC,Amiens Black,
angers_sco,Angers SCO,SCO Black,
angers_sco_cucl,Angers SCO,SCO Black,
anorthosis_famagusta_cucl,Anorthosis Famagusta,Famagusta Blue,
antalyaspor_cucl,Antalyaspor,Antalya Red,
ap_brera_strumica_cucl,AP Brera Strumica,Strumica Green,
apoel_nicosia_cucl,APOEL Nicosia,Nicosia Yellow,
apollon_limassol_cucl,Apollon Limassol,Limassol Blue,
araz_nakhchivan_cucl,Araz-Nakhchivan,Nakchivan Red,
arda_kardzhali_cucl,Arda Kardzhali,Kardzhali Sky,
argentina_nt,Argentina,Argentina,
aris_limassol_cucl,Aris Limassol,Limassol Green,
aris_thessaloniki_cucl,Aris Thessaloniki,Thessaloniki Yellow,
arka_gdynia_cucl,Arka Gdynia,Gdynia Yellow,
arminia_bielefeld,Arminia Bielefeld,Bielefeld Blue,
arsenal_dzerzhinsk_cucl,Arsenal Dzerzhinsk,Dzerzhinsk Red,
arsenal_fc,Arsenal FC,London Red,
arsenal_fc_cucl,Arsenal FC,London Red,
arsenal_fc_ucl,Arsenal FC,London Red,
arsenal_tivat_cucl,Arsenal Tivat,Tivat Blue,
arsimi_cucl,Arsimi,Čegrane Yellow,
as_monaco,AS Monaco,Monaco Red,
as_monaco_cucl,AS Monaco,Monaco Red,
as_monaco_ucl,AS Monaco,Monaco Red,
as_roma,AS Roma,Roma Claret,
as_roma_cucl,AS Roma,Roma Claret,
as_roma_uel,AS Roma,Roma Claret,
as_saint_etienne,AS Saint-Étienne,Saint-Étienne Green,
as_trencin_cucl,AS Trencin,Trencin Red,
asteras_aktor_cucl,Asteras Aktor,Aktor Yellow,
aston_villa,Aston Villa,Villa Claret,
aston_villa_cucl,Aston Villa,Villa Claret,
aston_villa_ucl,Aston Villa,Villa Claret,
aston_villa_uel,Aston Villa,Villa Claret,
atalanta_bc,Atalanta BC,BC Blue,
atalanta_bc_cucl,Atalanta BC,BC Blue,
atalanta_bc_ucl,Atalanta BC,BC Blue,
athletic_bilbao,Athletic Bilbao,Bilbao Black,
athletic_bilbao_cucl,Athletic Bilbao,Bilbao Black,
athletic_bilbao_ucl,Athletic Bilbao,Bilbao Black,
atletic_club_d_escaldes_cucl,Atlètic Club d'Escaldes,d'Escaldes Blue,
atletico_de_madrid,Atlético de Madrid,Madrid Red,
atletico_de_madrid_cucl,Atlético de Madrid,Madrid Red,
atletico_de_madrid_ucl,Atlético de Madrid,Madrid Red,
atromitos_athens_cucl,Atromitos Athens,Athens Navy,
australia_nt,Australia,Australia,
austria_nt,Austria,Austria,
austria_vienna_cucl,Austria Vienna,Vienna Purple,
avs_futebol_cucl,Avs Futebol,Futebol Red,
az_alkmaar_cucl,AZ Alkmaar,Alkmaar Red,
az_alkmaar_uecl,AZ Alkmaar,Alkmaar Red,
b36_torshavn_cucl,B36 Tórshavn,Tórshavn Black,
b68_toftir_cucl,B68 Toftir,Toftir Red,
bala_town_cucl,Bala Town,Bala Black,
ballymena_united_fc_cucl,Ballymena United FC,Ballymena Sky,
bangor_fc_cucl,Bangor FC,Bangor Yellow,
barry_town_united_cucl,Barry Town United,Barry Yellow,
basaksehir_fk_cucl,Basaksehir FK,Basaksehir Orange,
bashkimi_cucl,Bashkimi,Kumanovo Black,
bate_borisov_cucl,BATE Borisov,Borisov Yellow,
bayer_04_leverkusen,Bayer 04 Leverkusen,Leverkusen Black,
bayer_04_leverkusen_cucl,Bayer 04 Leverkusen,Leverkusen Black,
bayer_04_leverkusen_ucl,Bayer 04 Leverkusen,Leverkusen Black,
bayern_munich,Bayern Munich,Munich Red,
bayern_munich_cucl,Bayern Munich,Munich Red,
bayern_munich_ucl,Bayern Munich,Munich Red,
beitar_jerusalem_cucl,Beitar Jerusalem,Jerusalem Yellow,
belgium_nt,Belgium,Belgium,
benevento_calcio,Benevento Calcio,Benevento Yellow,
beroe_cucl,Beroe,Stara Zagora Green,
besiktas_jk_cucl,Besiktas JK,JK Black,
bfc_daugavpils_cucl,BFC Daugavpils,Daugavpils Blue,
birkirkara_fc_cucl,Birkirkara FC,Birkirkara Red,
bk_hacken_cucl,BK Häcken,Häcken Yellow,
bk_hacken_uecl,BK Häcken,Häcken Yellow,
bkma_yerevan_cucl,BKMA Yerevan,Yerevan Navy,
bohemian_football_club_cucl,Bohemian Football Club,Bohemian Red,
bohemians_prague_1905_cucl,Bohemians Prague 1905,Prague Green,
bologna_fc_1909,Bologna FC 1909,Bologna Navy,
bologna_fc_1909_cucl,Bologna FC 1909,Bologna Navy,
bologna_fc_1909_ucl,Bologna FC 1909,Bologna Navy,
bologna_fc_1909_uel,Bologna FC 1909,Bologna Navy,
borussia_dortmund,Borussia Dortmund,Dortmund Yellow,
borussia_dortmund_cucl,Borussia Dortmund,Dortmund Yellow,
borussia_dortmund_ucl,Borussia Dortmund,Dortmund Yellow,
borussia_monchengladbach,Borussia Mönchengladbach,Mönchengladbach Black,
borussia_monchengladbach_cucl,Borussia Mönchengladbach,Mönchengladbach Black,
bosnia_herzegovina_nt,Bosnia and Herzegovina,Bosnia and Herzegovina,
botev_plovdiv_cucl,Botev Plovdiv,Plovdiv Black,
botev_vratsa_cucl,Botev Vratsa,Vratsa Green,
brazil_nt,Brazil,Brazil,
breidablik_kopavogur_cucl,Breidablik Kópavogur,Kópavogur Green,
breidablik_kopavogur_uecl,Breidablik Kópavogur,Kópavogur Green,
brentford_fc,Brentford FC,Brentford Black,
brentford_fc_cucl,Brentford FC,Brentford Black,
brescia_calcio_2025,Brescia Calcio (- 2025),Brescia Blue,
brighton_hove_albion,Brighton & Hove Albion,Hove Blue,
brighton_hove_albion_cucl,Brighton & Hove Albion,Hove Blue,
briton_ferry_llansawel_cucl,Briton Ferry Llansawel,Llansawel Red,
brondby_if_cucl,Bröndby IF,Bröndby Blue,
bruk_bet_termalica_nieciecza_cucl,Bruk-Bet Termalica Nieciecza,Bruk-Bet Orange,
bryne_fk_cucl,Bryne FK,Bryne Red,
bsc_young_boys_cucl,BSC Young Boys,Boys Yellow,
bsc_young_boys_ucl,BSC Young Boys,Boys Yellow,
bsc_young_boys_uel,BSC Young Boys,Boys Yellow,
buducnost_podgorica_cucl,Buducnost Podgorica,Podgorica Blue,
burnley_fc,Burnley FC,Burnley Blue,
burnley_fc_cucl,Burnley FC,Burnley Blue,
ca_osasuna,CA Osasuna,Osasuna Gold,
ca_osasuna_cucl,CA Osasuna,Osasuna Gold,
cabo_verde_nt,Cabo Verde,Cabo Verde,
cadiz_cf,Cádiz CF,Cádiz Yellow,
caernarfon_town_cucl,Caernarfon Town,Caernarfon Yellow,
cagliari_calcio,Cagliari Calcio,Cagliari Navy,
cagliari_calcio_cucl,Cagliari Calcio,Cagliari Navy,
canada_nt,Canada,Canada,
cardiff_city,Cardiff City,Cardiff Blue,
cardiff_metropolitan_university_cucl,Cardiff Metropolitan University,University Claret,
carrick_rangers_fc_cucl,Carrick Rangers FC,Carrick Yellow,
casa_pia_ac_cucl,Casa Pia AC,Pia Black,
caykur_rizespor_cucl,Caykur Rizespor,Rizespor Blue,
cd_leganes,CD Leganés,Leganés Black,
cd_nacional_cucl,CD Nacional,Nacional Black,
cd_santa_clara_cucl,CD Santa Clara,Clara Red,
cd_tondela_cucl,CD Tondela,Tondela Green,
celta_de_vigo,Celta de Vigo,Vigo Red,
celta_de_vigo_cucl,Celta de Vigo,Vigo Red,
celta_de_vigo_uel,Celta de Vigo,Vigo Red,
celtic_fc_cucl,Celtic FC,Glasgow Green,
celtic_fc_ucl,Celtic FC,Glasgow Green,
celtic_fc_uel,Celtic FC,Glasgow Green,
cercle_brugge_cucl,Cercle Brugge,Brugge Green,
cf_esperanca_d_andorra_cucl,CF Esperança d'Andorra,d'Andorra Black,
cf_estrela_amadora_cucl,CF Estrela Amadora,Amadora Black,
cfr_cluj_cucl,CFR Cluj,Cluj Claret,
chelsea_fc,Chelsea FC,Chelsea Blue,
chelsea_fc_cucl,Chelsea FC,Chelsea Blue,
chelsea_fc_ucl,Chelsea FC,Chelsea Blue,
cherno_more_varna_cucl,Cherno More Varna,Varna Green,
chievo_verona,Chievo Verona,Verona Yellow,
clermont_foot_63,Clermont Foot 63,Foot Navy,
cliftonville_fc_cucl,Cliftonville FC,Cliftonville Red,
club_brugge_kv_cucl,Club Brugge KV,Brugge Black,
club_brugge_kv_ucl,Club Brugge KV,Brugge Black,
club_esportiu_carroi_cucl,Club Esportiu Carroi,Carroi Red,
coleraine_fc_cucl,Coleraine FC,Coleraine Blue,
colombia_nt,Colombia,Colombia,
colwyn_bay_cucl,Colwyn Bay,Bay Claret,
como_1907,Como 1907,Como Blue,
como_1907_cucl,Como 1907,Como Blue,
connah_s_quay_nomads_cucl,Connah's Quay Nomads,Nomads Red,
cork_city_f_c_cucl,Cork City F.C.,F.C. Green,
cote_divoire_nt,Côte d'Ivoire,Côte d'Ivoire,
cracovia_cucl,Cracovia,Kraków Black,
croatia_nt,Croatia,Croatia,
crusaders_fc_cucl,Crusaders FC,Crusaders Red,
crystal_palace,Crystal Palace,Palace Black,
crystal_palace_cucl,Crystal Palace,Palace Black,
crystal_palace_uecl,Crystal Palace,Palace Black,
csf_spartanii_sportul_selemet_cucl,CSF Spartanii Sportul Selemet,Selemet Red,
cska_1948_cucl,CSKA 1948,Sofia Red,
cska_sofia_cucl,CSKA Sofia,Sofia Yellow,
curacao_nt,Curaçao,Curaçao,
czechia_nt,Czechia,Czechia,
dac_dunajska_streda_cucl,DAC Dunajska Streda,Streda Yellow,
dacia_buiucani_cucl,Dacia Buiucani,Buiucani Blue,
debreceni_vsc_cucl,Debreceni VSC,VSC Red,
degerfors_if_cucl,Degerfors IF,Degerfors Red,
deportivo_alaves,Deportivo Alavés,Alavés Black,
deportivo_alaves_cucl,Deportivo Alavés,Alavés Black,
derry_city_cucl,Derry City,Derry Red,
dfk_dainava_cucl,DFK Dainava,Dainava Red,
dijon_fco,Dijon FCO,FCO Red,
dinamo_batumi_cucl,Dinamo Batumi,Batumi Blue,
dinamo_minsk_cucl,Dinamo Minsk,Minsk Black,
dinamo_tbilisi_cucl,Dinamo Tbilisi,Tbilisi Blue,
diosgyori_vtk_cucl,Diósgyőri VTK,VTK Red,
djurgardens_if_cucl,Djurgårdens IF,Djurgårdens Navy,
dobrudzha_cucl,Dobrudzha,Dobrich Yellow,
dr_congo_nt,DR Congo,DR Congo,
drogheda_united_fc_cucl,Drogheda United FC,Drogheda Claret,
dundee_fc_cucl,Dundee FC,Dundee Navy,
dundee_united_fc_cucl,Dundee United FC,Dundee Orange,
dungannon_swifts_fc_cucl,Dungannon Swifts FC,Swifts Blue,
dynamo_brest_cucl,Dynamo Brest,Brest Blue,
dynamo_kyiv_cucl,Dynamo Kyiv,Kyiv Blue,
dynamo_kyiv_uecl,Dynamo Kyiv,Kyiv Blue,
ea_guingamp,EA Guingamp,Guingamp Red,
eb_streymur_cucl,EB/Streymur,Streymnes-Eiði Black,
ecuador_nt,Ecuador,Ecuador,
egypt_nt,Egypt,Egypt,
eintracht_frankfurt,Eintracht Frankfurt,Frankfurt Black,
eintracht_frankfurt_cucl,Eintracht Frankfurt,Frankfurt Black,
eintracht_frankfurt_ucl,Eintracht Frankfurt,Frankfurt Black,
elche_cf,Elche CF,Elche Green,
elche_cf_cucl,Elche CF,Elche Green,
england_nt,England,England,
enosis_neon_paralimni_cucl,Enosis Neon Paralimni,Paralimni Sky,
epicentr_kamyanets_podilskyi_cucl,Epicentr Kamyanets-Podilskyi,Epicentr Grey,
estac_troyes,ESTAC Troyes,Troyes Blue,
ethnikos_achna_cucl,Ethnikos Achna,Achna Navy,
eto_fc_cucl,ETO FC,ETO Green,
europa_fc_cucl,Europa FC,Europa Green,
europa_point_fc_cucl,Europa Point FC,Point Navy,
everton_fc,Everton FC,Everton Blue,
everton_fc_cucl,Everton FC,Everton Blue,
excelsior_rotterdam_cucl,Excelsior Rotterdam,Rotterdam Black,
eyupspor_cucl,Eyüpspor, Eyüpsultan Yellow,
f91_dudelange_cucl,F91 Dudelange,Dudelange Yellow,
fa_siauliai_cucl,FA Siauliai,Siauliai Black,
falkirk_fc_cucl,Falkirk FC,Falkirk Navy,
fatih_karagumruk_cucl,Fatih Karagümrük,Karagümrük Red,
fc_aktobe_cucl,FC Aktobe,Aktobe Red,
fc_alverca_cucl,FC Alverca,Alverca Blue,
fc_ararat_armenia_cucl,FC Ararat-Armenia,Ararat-Armenia Black,
fc_ararat_yerevan_cucl,FC Ararat Yerevan,Yerevan Red,
fc_arouca_cucl,FC Arouca,Arouca Yellow,
fc_ashdod_cucl,FC Ashdod,Ashdod Red,
fc_astana_cucl,FC Astana,Astana Yellow,
fc_atert_bissen_cucl,FC Atert Bissen,Bissen Yellow,
fc_atyrau_cucl,FC Atyrau,Atyrau Green,
fc_augsburg,FC Augsburg,Augsburg Claret,
fc_augsburg_cucl,FC Augsburg,Augsburg Claret,
fc_ballkani_cucl,FC Ballkani,Ballkani Orange,
fc_balti_cucl,FC Balti,Balti Blue,
fc_banik_ostrava_cucl,FC Banik Ostrava,Ostrava Blue,
fc_barcelona,FC Barcelona,Barcelona Navy,
fc_barcelona_cucl,FC Barcelona,Barcelona Navy,
fc_barcelona_ucl,FC Barcelona,Barcelona Navy,
fc_basel_1893_cucl,FC Basel 1893,Basel Blue,
fc_basel_1893_uel,FC Basel 1893,Basel Blue,
fc_blau_weiss_linz_cucl,FC Blau-Weiss Linz,Blau-Weiss Blue,
fc_botosani_cucl,FC Botosani,Botosani Red,
fc_bruno_s_magpies_cucl,FC Bruno's Magpies,Magpies Black,
fc_college_1975_cucl,FC College 1975,College Black,
fc_copenhagen_cucl,FC Copenhagen,Copenhagen Black,
fc_copenhagen_ucl,FC Copenhagen,Copenhagen Black,
fc_crotone,FC Crotone,Crotone Navy,
fc_differdange_03_cucl,FC Differdange 03,Differdange Red,
fc_dila_gori_cucl,FC Dila Gori,Gori Red,
fc_dinamo_1948_cucl,FC Dinamo 1948,Bucharest Red,
fc_dinamo_city_cucl,FC Dinamo City,Tirana Sky,
fc_domagnano_cucl,FC Domagnano,Domagnano Red,
fc_drenica_cucl,FC Drenica,Drenica Red,
fc_drita_cucl,FC Drita,Drita Blue,
fc_drita_uecl,FC Drita,Drita Blue,
fc_dziugas_telsiai_cucl,FC Džiugas Telšiai,Telšiai Claret,
fc_empoli,FC Empoli,Empoli Blue,
fc_famalicao_cucl,FC Famalicão,Famalicão Navy,
fc_ferizaj_cucl,FC Ferizaj,Ferizaj Blue,
fc_fiorentino_cucl,FC Fiorentino,Fiorentino Navy,
fc_flora_tallinn_cucl,FC Flora Tallinn,Tallinn Green,
fc_fredericia_cucl,FC Fredericia,Fredericia Red,
fc_gagra_cucl,FC Gagra,Gagra Blue,
fc_gareji_sagarejo_cucl,FC Gareji Sagarejo,Sagarejo Black,
fc_girondins_bordeaux,FC Girondins Bordeaux,Bordeaux Navy,
fc_groningen_cucl,FC Groningen,Groningen Black,
fc_haka_cucl,FC Haka,Haka Black,
fc_hegelmann_cucl,FC Hegelmann,Hegelmann Blue,
fc_hermannstadt_cucl,FC Hermannstadt,Hermannstadt Red,
fc_hradec_kralove_cucl,FC Hradec Kralove,Kralove Black,
fc_imishli_cucl,FC Imishli,Imishli Green,
fc_inter_turku_cucl,FC Inter Turku,Turku Blue,
fc_jeunesse_canach_cucl,FC Jeunesse Canach,Canach Navy,
fc_kharkiv_cucl,FC Kharkiv,Kharkiv Claret,
fc_kolkheti_1913_poti_cucl,FC Kolkheti-1913 Poti,Kolkheti-1913 Blue,
fc_koper_cucl,FC Koper,Koper Yellow,
fc_kosice_cucl,FC Kosice,Kosice Yellow,
fc_kudrivka_cucl,FC Kudrivka,Kudrivka Blue,
fc_kuressaare_cucl,FC Kuressaare,Kuressaare Yellow,
fc_kyzylzhar_cucl,FC Kyzylzhar,Kyzylzhar Red,
fc_lausanne_sport_cucl,FC Lausanne-Sport,Lausanne-Sport Blue,
fc_lausanne_sport_uecl,FC Lausanne-Sport,Lausanne-Sport Blue,
fc_lorient,FC Lorient,Lorient Orange,
fc_lorient_cucl,FC Lorient,Lorient Orange,
fc_lugano_cucl,FC Lugano,Lugano Black,
fc_luzern_cucl,FC Luzern,Luzern Navy,
fc_malisheva_cucl,FC Malisheva,Malisheva Blue,
fc_mamer_32_cucl,FC Mamer 32,Mamer Red,
fc_metaloglobus_bucharest_cucl,FC Metaloglobus Bucharest,Bucharest Orange,
fc_metz,FC Metz,Metz Claret,
fc_metz_cucl,FC Metz,Metz Claret,
fc_midtjylland_cucl,FC Midtjylland,Midtjylland Black,
fc_midtjylland_uel,FC Midtjylland,Midtjylland Black,
fc_milsami_orhei_cucl,FC Milsami Orhei,Orhei Red,
fc_nantes,FC Nantes,Nantes Yellow,
fc_nantes_cucl,FC Nantes,Nantes Yellow,
fc_noah_yerevan_cucl,FC Noah Yerevan,Yerevan Navy & White,
fc_noah_yerevan_uecl,FC Noah Yerevan,Yerevan Navy & White,
fc_nordsjaelland_cucl,FC Nordsjaelland,Nordsjaelland Red,
fc_oleksandriya_cucl,FC Oleksandriya,Oleksandriya Yellow,
fc_ordino_cucl,FC Ordino,Ordino Orange,
fc_petrocub_hincesti_cucl,FC Petrocub Hincesti,Hincesti Black,
fc_porto_cucl,FC Porto,Porto Blue,
fc_porto_uel,FC Porto,Porto Blue,
fc_prishtina_cucl,FC Prishtina,Prishtina Blue,
fc_progres_niederkorn_cucl,FC Progrès Niederkorn,Niederkorn Black,
fc_pyunik_yerevan_cucl,FC Pyunik Yerevan,Yerevan Claret,
fc_ranger_s_cucl,FC Rànger's,Rànger's Yellow,
fc_rapid_1923_cucl,FC Rapid 1923,Rapid Claret,
fc_rfs_cucl,FC RFS,RFS Blue,
fc_rodange_91_cucl,FC Rodange 91,Rodange Red,
fc_samgurali_tskaltubo_cucl,FC Samgurali Tskaltubo,Tskaltubo Green,
fc_santa_coloma_cucl,FC Santa Coloma,Coloma Black,
fc_schalke_04,FC Schalke 04,Schalke Blue,
fc_shamakhi_cucl,FC Shamakhi,Shamakhi Navy,
fc_sheriff_tiraspol_cucl,FC Sheriff Tiraspol,Tiraspol Yellow,
fc_shirak_gyumri_cucl,FC Shirak Gyumri,Gyumri Black,
fc_shkupi_cucl,FC Shkupi,Shkupi Blue,
fc_sion_cucl,FC Sion,Sion Red,
fc_slovan_liberec_cucl,FC Slovan Liberec,Liberec Black,
fc_sluck_cucl,FC Sluck,Sluck Blue,
fc_smarhon_cucl,FC Smarhoń,Smarhoń Red,
fc_st_gallen_1879_cucl,FC St. Gallen 1879,Gallen Green,
fc_st_pauli,FC St. Pauli,Pauli Red,
fc_st_pauli_cucl,FC St. Pauli,Pauli Red,
fc_suduroy_cucl,FC Suðuroy,Suðuroy Blue,
fc_tatran_presov_cucl,FC Tatran Presov,Presov Green,
fc_telavi_cucl,FC Telavi,Telavi Blue,
fc_thun_cucl,FC Thun,Thun Red,
fc_toulouse,FC Toulouse,Toulouse Purple,
fc_toulouse_cucl,FC Toulouse,Toulouse Purple,
fc_turan_cucl,FC Turan,Turan Blue,
fc_twente_enschede_cucl,FC Twente Enschede,Enschede Red,
fc_ulytau_zhezkazgan_cucl,FC Ulytau Zhezkazgan,Zhezkazgan Blue,
fc_una_strassen_cucl,FC UNA Strassen,Strassen Red,
fc_universitatea_cluj_cucl,FC Universitatea Cluj,Cluj Black,
fc_urartu_yerevan_cucl,FC Urartu Yerevan,Yerevan Yellow,
fc_utrecht_cucl,FC Utrecht,Utrecht Red,
fc_utrecht_uel,FC Utrecht,Utrecht Red,
fc_van_cucl,FC Van,Van Navy,
fc_victoria_rosport_cucl,FC Victoria Rosport,Rosport Red,
fc_viktoria_plzen_cucl,FC Viktoria Plzen,Plzen Red,
fc_viktoria_plzen_uel,FC Viktoria Plzen,Plzen Red,
fc_volendam_cucl,FC Volendam,Volendam Orange,
fc_winterthur_cucl,FC Winterthur,Winterthur Red,
fc_zabudova_molodechno_cucl,FC Zabudova Molodechno,Molodechno Grey,
fc_zimbru_chisinau_cucl,FC Zimbru Chisinau,Chisinau Yellow,
fc_zlin_cucl,FC Zlin,Zlin Yellow,
fc_zurich_cucl,FC Zürich,Zürich Navy,
fci_levadia_cucl,FCI Levadia,Levadia Green,
fcsb_cucl,FCSB, Bucharest Blue,
fcsb_uel,FCSB, Bucharest Blue,
fcv_dender_eh_cucl,FCV Dender EH,EH Blue,
fcv_farul_constanta_cucl,FCV Farul Constanta,Constanta Blue,
fenerbahce_cucl,Fenerbahce, Istanbul Yellow & Navy,
fenerbahce_uel,Fenerbahce, Istanbul Yellow & Navy,
ferencvarosi_tc_cucl,Ferencvárosi TC,TC Black,
ferencvarosi_tc_uel,Ferencvárosi TC,TC Black,
feyenoord_rotterdam_cucl,Feyenoord Rotterdam,Rotterdam Red,
feyenoord_rotterdam_ucl,Feyenoord Rotterdam,Rotterdam Red,
feyenoord_rotterdam_uel,Feyenoord Rotterdam,Rotterdam Red,
ff_jaro_cucl,FF Jaro,Jaro Red,
fh_hafnarfjordur_cucl,FH Hafnarfjördur,Hafnarfjördur Black,
fk_auda_cucl,FK Auda,Auda Green,
fk_banga_gargzdai_cucl,FK Banga Gargzdai,Gargzdai Orange,
fk_bod_glimt_cucl,FK Bodø/Glimt,Bodø/Glimt Yellow,
fk_bod_glimt_ucl,FK Bodø/Glimt,Bodø/Glimt Yellow,
fk_bokelj_cucl,FK Bokelj,Bokelj Blue,
fk_borac_banja_luka_cucl,FK Borac Banja Luka,Luka Blue,
fk_bylis_cucl,FK Bylis,Bylis Red,
fk_csikszereda_miercurea_ciuc_cucl,FK Csikszereda Miercurea Ciuc,Ciuc Red,
fk_cukaricki_cucl,FK Cukaricki,Cukaricki Black,
fk_decic_tuzi_cucl,FK Decic Tuzi,Tuzi Red,
fk_dukla_prague_cucl,FK Dukla Prague,Prague Claret & Yellow,
fk_gabala_cucl,FK Gabala,Gabala Red,
fk_gomel_cucl,FK Gomel,Gomel Green,
fk_grobina_cucl,FK Grobina,Grobina Blue,
fk_imt_belgrad_cucl,FK IMT Belgrad,Belgrad Red,
fk_jablonec_cucl,FK Jablonec,Jablonec Green,
fk_javor_matis_ivanjica_cucl,FK Javor-Matis Ivanjica,Javor-Matis Red,
fk_jezero_cucl,FK Jezero,Jezero Blue,
fk_kauno_zalgiris_cucl,FK Kauno Zalgiris,Zalgiris Green,
fk_liepaja_cucl,FK Liepaja,Liepaja Black,
fk_metta_cucl,FK Metta,Metta Green,
fk_minsk_cucl,FK Minsk,Minsk Red,
fk_mlada_boleslav_cucl,FK Mlada Boleslav,Boleslav Blue,
fk_mladost_donja_gorica_cucl,FK Mladost Donja Gorica,Gorica Red,
fk_mladost_lucani_cucl,FK Mladost Lucani,Lucani Blue,
fk_mornar_bar_cucl,FK Mornar Bar,Bar Blue,
fk_napredak_krusevac_cucl,FK Napredak Krusevac,Krusevac Red,
fk_novi_pazar_cucl,FK Novi Pazar,Pazar Blue,
fk_panevezys_cucl,FK Panevezys,Panevezys Red,
fk_pardubice_cucl,FK Pardubice,Pardubice Red,
fk_partizan_belgrade_cucl,FK Partizan Belgrade,Belgrade Red,
fk_partizani_cucl,FK Partizani,Partizani Red,
fk_radnicki_1923_kragujevac_cucl,FK Radnicki 1923 Kragujevac,Kragujevac Red,
fk_radnicki_nis_cucl,FK Radnicki Nis,Nis Red,
fk_radnik_bijeljina_cucl,FK Radnik Bijeljina,Bijeljina Blue,
fk_radnik_surdulica_cucl,FK Radnik Surdulica,Surdulica Blue,
fk_rudar_prijedor_cucl,FK Rudar Prijedor,Prijedor Yellow,
fk_sarajevo_cucl,FK Sarajevo,Sarajevo Claret,
fk_sloga_meridian_cucl,FK Sloga Meridian,Meridian Red,
fk_spartak_subotica_cucl,FK Spartak Subotica,Subotica Navy,
fk_suduva_marijampole_cucl,FK Suduva Marijampole,Marijampole Red,
fk_sutjeska_niksic_cucl,FK Sutjeska Niksic,Niksic Blue,
fk_teplice_cucl,FK Teplice,Teplice Yellow,
fk_trakai_cucl,FK Trakai,Trakai Yellow,
fk_tsc_backa_topola_cucl,FK TSC Backa Topola,Topola Black,
fk_tukums_2000_cucl,FK Tukums 2000,Tukums Green,
fk_velez_mostar_cucl,FK Velez Mostar,Mostar Red,
fk_vitebsk_cucl,FK Vitebsk,Vitebsk Yellow,
fk_vojvodina_novi_sad_cucl,FK Vojvodina Novi Sad,Sad Red,
fk_zalgiris_vilnius_cucl,FK Zalgiris Vilnius,Vilnius Black,
fk_zeleznicar_pancevo_cucl,FK Zeleznicar Pancevo,Pancevo Navy,
fk_zeljeznicar_sarajevo_cucl,FK Zeljeznicar Sarajevo,Sarajevo Blue,
flamurtari_fc_cucl,Flamurtari FC,Flamurtari Black,
flint_town_united_cucl,Flint Town United,Flint Black,
floriana_fc_cucl,Floriana FC,Floriana Green,
fortuna_dusseldorf,Fortuna Düsseldorf,Düsseldorf Red,
fortuna_sittard_cucl,Fortuna Sittard,Sittard Yellow,
fotballklubben_haugesund_cucl,Fotballklubben Haugesund,Haugesund Blue,
fram_reykjavik_cucl,Fram Reykjavík,Reykjavík Blue,
france_nt,France,France,
fredrikstad_fk_cucl,Fredrikstad FK,Fredrikstad Red,
frosinone_calcio,Frosinone Calcio,Frosinone Yellow,
fs_jelgava_cucl,FS Jelgava,Jelgava Claret,
fulham_fc,Fulham FC,Fulham Black,
fulham_fc_cucl,Fulham FC,Fulham Black,
gais_cucl,GAIS,Gothenburg Black & White,
galatasaray_cucl,Galatasaray,Istanbul Navy,
galatasaray_ucl,Galatasaray,Istanbul Navy,
galway_united_fc_cucl,Galway United FC,Galway Claret,
gandzasar_kapan_cucl,Gandzasar Kapan,Kapan Navy,
gaziantep_fk_cucl,Gaziantep FK,Gaziantep Red,
gd_estoril_praia_cucl,GD Estoril Praia,Praia Yellow,
genclerbirligi_ankara_cucl,Genclerbirligi Ankara,Ankara Black,
genoa_cfc,Genoa CFC, Genoa Navy,
genoa_cfc_cucl,Genoa CFC, Genoa Navy,
germany_nt,Germany,Germany,
getafe_cf,Getafe CF,Getafe Blue,
getafe_cf_cucl,Getafe CF,Getafe Blue,
ghana_nt,Ghana,Ghana,
gil_vicente_fc_cucl,Gil Vicente FC,Vicente Red,
girona_fc,Girona FC,Girona Blue,
girona_fc_cucl,Girona FC,Girona Blue,
girona_fc_ucl,Girona FC,Girona Blue,
gks_katowice_cucl,GKS Katowice,Katowice Yellow,
glacis_united_cucl,Glacis United,Glacis Claret,
glenavon_fc_cucl,Glenavon FC,Glenavon Blue,
glentoran_fc_cucl,Glentoran FC,Glentoran Green,
gnk_dinamo_zagreb_cucl,GNK Dinamo Zagreb,Zagreb Blue,
gnk_dinamo_zagreb_ucl,GNK Dinamo Zagreb,Zagreb Blue,
gnk_dinamo_zagreb_uel,GNK Dinamo Zagreb,Zagreb Blue,
go_ahead_eagles_cucl,Go Ahead Eagles,Eagles Red,
go_ahead_eagles_uel,Go Ahead Eagles,Eagles Red,
gornik_zabrze_cucl,Górnik Zabrze,Zabrze Black,
goztepe_cucl,Göztepe,Göztepe-Güzelyalı Yellow & Red,
granada_cf,Granada CF,Granada Red,
grasshopper_club_zurich_cucl,Grasshopper Club Zurich,Zurich Black,
grazer_ak_1902_cucl,Grazer AK 1902,AK Red,
gzira_united_fc_cucl,Gzira United FC,Gzira Claret,
haiti_nt,Haiti,Haiti,
halmstads_bk_cucl,Halmstads BK,Halmstads Blue,
hamarkameratene_cucl,Hamarkameratene,Hamar Green,
hamburger_sv,Hamburger SV,Hamburger Red,
hamburger_sv_cucl,Hamburger SV,Hamburger Red,
hammarby_if_cucl,Hammarby IF,Hammarby Green,
hamrun_spartans_cucl,Hamrun Spartans,Spartans Black,
hamrun_spartans_uecl,Hamrun Spartans,Spartans Black,
hannover_96,Hannover 96,Hannover Black,
hapoel_beer_sheva_cucl,Hapoel Beer Sheva,Sheva Red,
hapoel_haifa_cucl,Hapoel Haifa,Haifa Red,
hapoel_jerusalem_cucl,Hapoel Jerusalem,Jerusalem Red,
hapoel_petah_tikva_cucl,Hapoel Petah Tikva,Tikva Blue,
hapoel_tel_aviv_cucl,Hapoel Tel Aviv,Aviv Red,
harju_jk_laagri_cucl,Harju JK Laagri,Laagri Red,
haverfordwest_county_cucl,Haverfordwest County,County Blue,
hb_torshavn_cucl,HB Tórshavn,Tórshavn Red,
heart_of_midlothian_fc_cucl,Heart of Midlothian FC,Midlothian Claret,
hellas_verona,Hellas Verona,Verona Navy,
hellas_verona_cucl,Hellas Verona,Verona Navy,
heracles_almelo_cucl,Heracles Almelo,Almelo Black,
hertha_bsc,Hertha BSC,Hertha Black,
hibernian_fc_cucl,Hibernian FC,Hibernian Green,
hibernians_fc_cucl,Hibernians FC,Hibernians Black,
hjk_helsinki_cucl,HJK Helsinki,Helsinki Blue,
hnk_gorica_cucl,HNK Gorica,Gorica Gold,
hnk_hajduk_split_cucl,HNK Hajduk Split,Split Blue,
hnk_rijeka_cucl,HNK Rijeka,Rijeka Gold,
hnk_rijeka_uecl,HNK Rijeka,Rijeka Gold,
hnk_vukovar_1991_cucl,HNK Vukovar 1991,Vukovar Sky,
holstein_kiel,Holstein Kiel,Kiel Blue,
hsk_posusje_cucl,HSK Posusje,Posusje Sky,
hsk_zrinjski_mostar_cucl,HSK Zrinjski Mostar,Mostar Black,
hsk_zrinjski_mostar_uecl,HSK Zrinjski Mostar,Mostar Black,
huddersfield_town,Huddersfield Town,Huddersfield Blue,
ia_akranes_cucl,ÍA Akranes,Akranes Yellow,
iberia_1999_tbilisi_cucl,Iberia 1999 Tbilisi,Tbilisi Red,
ibv_vestmannaeyjar_cucl,ÍBV Vestmannaeyjar,Vestmannaeyjar Blue,
idrottsforeningen_kamraterna_norrkoping_cucl,Idrottsföreningen kamraterna Norrköping,Norrköping Blue,
if_brommapojkarna_cucl,IF Brommapojkarna,Brommapojkarna Red,
if_elfsborg_cucl,IF Elfsborg,Elfsborg Yellow,
if_gnistan_cucl,IF Gnistan,Gnistan Yellow,
ifk_goteborg_cucl,IFK Göteborg,Göteborg Blue,
ifk_mariehamn_cucl,IFK Mariehamn,Mariehamn Green,
ifk_varnamo_cucl,IFK Värnamo,Värnamo Blue,
ihud_bnei_sakhnin_cucl,Ihud Bnei Sakhnin,Sakhnin Red,
ik_sirius_cucl,IK Sirius,Sirius Blue,
ilves_tampere_cucl,Ilves Tampere,Tampere Yellow,
inter_club_d_escaldes_cucl,Inter Club d'Escaldes,d'Escaldes Blue & Black,
inter_milan,Inter Milan,Milan Black & White,
inter_milan_cucl,Inter Milan,Milan Black & White,
inter_milan_ucl,Inter Milan,Milan Black & White,
ipswich_town,Ipswich Town,Ipswich Blue,
iran_nt,IR Iran,IR Iran,
iraq_nt,Iraq,Iraq,
ironi_kiryat_shmona_cucl,Ironi Kiryat Shmona,Shmona Blue,
ironi_tiberias_cucl,Ironi Tiberias,Tiberias Blue,
isloch_minsk_region_cucl,Isloch Minsk Region,Region Blue,
jagiellonia_bialystok_cucl,Jagiellonia Bialystok,Bialystok Yellow,
jagiellonia_bialystok_uecl,Jagiellonia Bialystok,Bialystok Yellow,
jalgpallikool_tammeka_cucl,Jalgpallikool Tammeka,Tammeka Blue,
japan_nt,Japan,Japan,
jedinstvo_bijelo_polje_cucl,Jedinstvo Bijelo Polje,Polje Blue,
jeunesse_esch_cucl,Jeunesse Esch,Esch Black,
jk_kalev_tallinn_cucl,JK Kalev Tallinn,Tallinn Black,
jk_trans_narva_cucl,JK Trans Narva,Narva Red,
jordan_nt,Jordan,Jordan,
juventus_fc,Juventus FC,Turin Black,
juventus_fc_cucl,Juventus FC,Turin Black,
juventus_fc_ucl,Juventus FC,Turin Black,
ka_akureyri_cucl,KA Akureyri,Akureyri Yellow,
kaa_gent_cucl,KAA Gent,Gent Blue,
kairat_almaty_cucl,Kairat Almaty,Almaty Yellow,
kairat_almaty_ucl,Kairat Almaty,Almaty Yellow,
kalju_fc_cucl,Kalju FC,Kalju Black,
kapaz_pfk_cucl,Kapaz PFK,PFK Yellow,
karpaty_lviv_cucl,Karpaty Lviv,Lviv Green,
karvan_yevlakh_cucl,Karvan Yevlakh,Yevlakh Red,
kasimpasa_cucl,Kasimpasa,Kasımpaşa Blue,
kaysar_kyzylorda_cucl,Kaysar Kyzylorda,Kyzylorda Red,
kayserispor_cucl,Kayserispor,Kayseri Red,
kf_dukagjini_cucl,KF Dukagjini,Dukagjini Black,
kf_egnatia_cucl,KF Egnatia,Egnatia Green,
kf_llapi_cucl,KF Llapi,Llapi Blue,
kf_prishtina_e_re_cucl,KF Prishtina e Re,Re Blue,
kf_teuta_cucl,KF Teuta,Teuta Blue,
kf_tirana_cucl,KF Tirana,Tirana Blue,
kf_vllaznia_cucl,KF Vllaznia,Vllaznia Red,
kf_vora_cucl,KF Vora,Vora Red,
kfc_komarno_cucl,KFC Komarno,Komarno Purple,
kfum_kameratene_oslo_cucl,KFUM-Kameratene Oslo,KFUM-Kameratene Red,
ki_klaksvik_cucl,KÍ Klaksvík,Klaksvík Blue,
kilmarnock_fc_cucl,Kilmarnock FC,Kilmarnock Navy,
kisvarda_fc_cucl,Kisvárda FC,Kisvárda Red,
kocaelispor_cucl,Kocaelispor,İzmit Green,
kolos_kovalivka_cucl,Kolos Kovalivka,Kovalivka Navy,
konyaspor_cucl,Konyaspor,Konya Green & White,
korea_republic_nt,Korea Republic,Korea Republic,
korona_kielce_cucl,Korona Kielce,Kielce Yellow,
kotkan_tyovaen_palloilijat_cucl,Kotkan Työväen Palloilijat,Palloilijat Green,
kr_reykjavik_cucl,KR Reykjavík,Reykjavík Black,
krasava_eny_cucl,Krasava ENY,ENY Green,
krc_genk_cucl,KRC Genk,Genk Blue,
krc_genk_uel,KRC Genk,Genk Blue,
kristiansund_bk_cucl,Kristiansund BK,Kristiansund Navy,
kryvbas_kryvyi_rig_cucl,Kryvbas Kryvyi Rig,Rig Red,
kuopion_palloseura_cucl,Kuopion Palloseura,Palloseura Yellow,
kuopion_palloseura_uecl,Kuopion Palloseura,Palloseura Yellow,
kv_mechelen_cucl,KV Mechelen,Mechelen Yellow,
kvc_westerlo_cucl,KVC Westerlo,Westerlo Yellow,
la_fiorita_1967_cucl,La Fiorita 1967,Fiorita Yellow,
larne_fc_cucl,Larne FC,Larne Red,
lask_cucl,LASK,Linz Black & White,
le_havre_ac,Le Havre AC,Havre Sky,
le_havre_ac_cucl,Le Havre AC,Havre Sky,
lech_poznan_cucl,Lech Poznan,Poznan Blue,
lech_poznan_uecl,Lech Poznan,Poznan Blue,
lechia_gdansk_cucl,Lechia Gdansk,Gdansk Green,
leeds_united,Leeds United,Leeds Yellow,
leeds_united_cucl,Leeds United,Leeds Yellow,
legia_warszawa_cucl,Legia Warszawa,Warszawa Black,
legia_warszawa_uecl,Legia Warszawa,Warszawa Black,
leicester_city,Leicester City,Leicester Blue,
levadiakos_cucl,Levadiakos,Livadeia Navy,
levante_ud,Levante UD,Levante Navy,
levante_ud_cucl,Levante UD,Levante Navy,
levski_sofia_cucl,Levski Sofia,Sofia Blue,
lincoln_red_imps_fc_cucl,Lincoln Red Imps FC,Imps Red,
lincoln_red_imps_fc_uecl,Lincoln Red Imps FC,Imps Red,
linfield_fc_cucl,Linfield FC,Linfield Blue,
lions_gibraltar_fc_cucl,Lions Gibraltar FC,Gibraltar Orange,
liverpool_fc,Liverpool FC,Liverpool Claret,
liverpool_fc_cucl,Liverpool FC,Liverpool Claret,
liverpool_fc_ucl,Liverpool FC,Liverpool Claret,
livingston_fc_cucl,Livingston FC,Livingston Yellow,
llanelli_town_afc_cucl,Llanelli Town AFC,Llanelli Red,
lnz_cherkasy_cucl,LNZ Cherkasy,Cherkasy Purple,
lokomotiv_plovdiv_cucl,Lokomotiv Plovdiv,Plovdiv Black & White,
lokomotiv_sofia_cucl,Lokomotiv Sofia,Sofia Red & Black,
losc_lille,LOSC Lille,Lille Red,
losc_lille_cucl,LOSC Lille,Lille Red,
losc_lille_ucl,LOSC Lille,Lille Red,
losc_lille_uel,LOSC Lille,Lille Red,
ludogorets_razgrad_cucl,Ludogorets Razgrad,Razgrad Green,
ludogorets_razgrad_uel,Ludogorets Razgrad,Razgrad Green,
luton_town,Luton Town,Luton Blue,
lynx_fc_cucl,Lynx FC,Lynx Yellow,
maccabi_bnei_reineh_cucl,Maccabi Bnei Reineh,Reineh Blue,
maccabi_haifa_cucl,Maccabi Haifa,Haifa Green,
maccabi_netanya_cucl,Maccabi Netanya,Netanya Yellow,
maccabi_tel_aviv_cucl,Maccabi Tel Aviv,Aviv Yellow,
maccabi_tel_aviv_uel,Maccabi Tel Aviv,Aviv Yellow,
makedonija_gjorce_petrov_cucl,Makedonija Gjorce Petrov,Petrov Yellow,
malmo_ff_cucl,Malmö FF,Malmö Sky,
malmo_ff_uel,Malmö FF,Malmö Sky,
manchester_62_fc_cucl,Manchester 62 FC,Manchester Red,
manchester_city,Manchester City,Manchester Sky,
manchester_city_cucl,Manchester City,Manchester Sky,
manchester_city_ucl,Manchester City,Manchester Sky,
manchester_united,Manchester United,Manchester Red & White,
manchester_united_cucl,Manchester United,Manchester Red & White,
marsaxlokk_fc_cucl,Marsaxlokk FC,Marsaxlokk Blue,
mexico_nt,Mexico,Mexico,
mfk_karvina_cucl,MFK Karvina,Karvina White,
mfk_ruzomberok_cucl,MFK Ruzomberok,Ruzomberok Sky,
mfk_skalica_cucl,MFK Skalica,Skalica Green,
mjallby_aif_cucl,Mjällby AIF,AIF Yellow,
ml_vitebsk_cucl,ML Vitebsk,Vitebsk Blue,
molde_fk_cucl,Molde FK,Molde Blue,
mons_calpe_sc_cucl,Mons Calpe SC,Calpe Red,
montana_cucl,Montana,Montana Blue,
montpellier_hsc,Montpellier HSC,HSC Navy,
moreirense_fc_cucl,Moreirense FC,Moreirense Green,
morocco_nt,Morocco,Morocco,
mosta_fc_cucl,Mosta FC,Mosta Blue,
motherwell_fc_cucl,Motherwell FC,Motherwell Yellow,
motor_lublin_cucl,Motor Lublin,Lublin Yellow,
msk_zilina_cucl,MSK Zilina,Zilina Yellow,
mtk_budapest_cucl,MTK Budapest,Budapest Blue,
nac_breda_cucl,NAC Breda,Breda Yellow,
naftan_novopolotsk_cucl,Naftan Novopolotsk,Novopolotsk Navy,
naxxar_lions_fc_cucl,Naxxar Lions FC,Lions Red,
nec_nijmegen_cucl,NEC Nijmegen,Nijmegen Red,
neftchi_pfk_cucl,Neftchi PFK,PFK Black,
neman_grodno_cucl,Neman Grodno,Grodno Green,
netherlands_nt,Netherlands,Netherlands,
new_zealand_nt,New Zealand,New Zealand,
newcastle_united,Newcastle United,Newcastle Black,
newcastle_united_cucl,Newcastle United,Newcastle Black,
newcastle_united_ucl,Newcastle United,Newcastle Black,
nimes_olympique,Nîmes Olympique,Nîmes Blue,
nk_aluminij_kidricevo_cucl,NK Aluminij Kidricevo,Kidricevo Red,
nk_bravo_cucl,NK Bravo,Bravo Yellow,
nk_celje_cucl,NK Celje,Celje Navy,
nk_celje_uecl,NK Celje,Celje Navy,
nk_istra_1961_cucl,NK Istra 1961,Istra Yellow,
nk_lokomotiva_zagreb_cucl,NK Lokomotiva Zagreb,Zagreb Blue & White,
nk_maribor_cucl,NK Maribor,Maribor Navy,
nk_olimpija_ljubljana_cucl,NK Olimpija Ljubljana,Ljubljana Green,
nk_osijek_cucl,NK Osijek,Osijek Sky,
nk_radomlje_cucl,NK Radomlje,Radomlje Yellow,
nk_siroki_brijeg_cucl,NK Siroki Brijeg,Brijeg Blue,
nk_varazdin_cucl,NK Varazdin,Varazdin Blue,
nk_veres_rivne_cucl,NK Veres Rivne,Rivne Red,
norway_nt,Norway,Norway,
norwich_city,Norwich City,Norwich Yellow,
nottingham_forest,Nottingham Forest,Forest Red,
nottingham_forest_cucl,Nottingham Forest,Forest Red,
nottingham_forest_uel,Nottingham Forest,Forest Red,
ns_mura_cucl,NS Mura,Mura Gold,
nsi_runavik_cucl,NSÍ Runavík,Runavík Yellow,
nyiregyhaza_spartacus_cucl,Nyíregyháza Spartacus,Spartacus Navy,
obolon_kyiv_cucl,Obolon Kyiv,Kyiv Green,
odense_boldklub_cucl,Odense Boldklub,Boldklub Blue,
ofi_crete_cucl,OFI Crete,Crete Black,
ofk_beograd_cucl,OFK Beograd,Beograd Blue,
ofk_petrovac_cucl,OFK Petrovac,Petrovac Sky,
ogc_nice,OGC Nice,Nice Red,
ogc_nice_cucl,OGC Nice,Nice Red,
ogc_nice_uel,OGC Nice,Nice Red,
okzhetpes_kokshetau_cucl,Okzhetpes Kokshetau,Kokshetau Sky,
olympiacos_piraeus_cucl,Olympiacos Piraeus,Piraeus Red,
olympiacos_piraeus_ucl,Olympiacos Piraeus,Piraeus Red,
olympiakos_nicosia_cucl,Olympiakos Nicosia,Nicosia Black,
olympique_lyon,Olympique Lyon,Lyon Blue,
olympique_lyon_cucl,Olympique Lyon,Lyon Blue,
olympique_lyon_uel,Olympique Lyon,Lyon Blue,
olympique_marseille,Olympique Marseille,Marseille Navy,
olympique_marseille_cucl,Olympique Marseille,Marseille Navy,
olympique_marseille_ucl,Olympique Marseille,Marseille Navy,
omonia_aradippou_cucl,Omonia Aradippou,Aradippou Blue,
omonia_nicosia_cucl,Omonia Nicosia,Nicosia Green,
omonia_nicosia_uecl,Omonia Nicosia,Nicosia Green,
ordabasy_shymkent_cucl,Ordabasy Shymkent,Shymkent Blue,
oster_cucl,Öster,Växjö Red,
oud_heverlee_leuven_cucl,Oud-Heverlee Leuven,Oud-Heverlee Red,
pafos_fc_cucl,Pafos FC,Pafos Blue,
pafos_fc_ucl,Pafos FC,Pafos Blue,
paide_linnameeskond_cucl,Paide Linnameeskond,Linnameeskond Navy,
paksi_fc_cucl,Paksi FC,Paksi Green,
panama_nt,Panama,Panama,
panathinaikos_cucl,Panathinaikos,Athens Green,
panathinaikos_uel,Panathinaikos,Athens Green,
panetolikos_cucl,Panetolikos, Agrinio Yellow,
panserraikos_cucl,Panserraikos,Serres Red,
paok_thessaloniki_cucl,PAOK Thessaloniki,Thessaloniki Black,
paok_thessaloniki_uel,PAOK Thessaloniki,Thessaloniki Black,
paraguay_nt,Paraguay,Paraguay,
paris_fc,Paris FC,Paris Navy,
paris_fc_cucl,Paris FC,Paris Navy,
paris_saint_germain,Paris Saint-Germain,Paris Blue,
paris_saint_germain_cucl,Paris Saint-Germain,Paris Blue,
paris_saint_germain_ucl,Paris Saint-Germain,Paris Blue,
parma_calcio_1913,Parma Calcio 1913,Parma Black,
parma_calcio_1913_cucl,Parma Calcio 1913,Parma Black,
parnu_jk_vaprus_cucl,Pärnu JK Vaprus,Vaprus Yellow,
pec_zwolle_cucl,PEC Zwolle,Zwolle Blue,
pelister_bitola_cucl,Pelister Bitola,Bitola Green,
penya_encarnada_d_andorra_cucl,Penya Encarnada d'Andorra,d'Andorra Red,
penybont_fc_cucl,Penybont FC,Penybont Blue,
petrolul_ploiesti_cucl,Petrolul Ploiesti,Ploiesti Yellow,
piast_gliwice_cucl,Piast Gliwice,Gliwice Blue,
pisa_sporting_club,Pisa Sporting Club,Pisa Black,
pisa_sporting_club_cucl,Pisa Sporting Club,Pisa Black,
pogon_szczecin_cucl,Pogon Szczecin,Szczecin Black,
polissya_zhytomyr_cucl,Polissya Zhytomyr,Zhytomyr Green,
politehnica_utm_hisinau_cucl,Politehnica UTM Сhișinău,Сhișinău Red,
portadown_fc_cucl,Portadown FC,Portadown Red,
portugal_nt,Portugal,Portugal,
psv_eindhoven_cucl,PSV Eindhoven,Eindhoven Black,
psv_eindhoven_ucl,PSV Eindhoven,Eindhoven Black,
puskas_akademia_fc_cucl,Puskás Akadémia FC,Akadémia Navy,
qarabag_fk_cucl,Qarabağ FK,Qarabağ Black,
qarabag_fk_ucl,Qarabağ FK,Qarabağ Black,
qatar_nt,Qatar,Qatar,
raal_la_louviere_cucl,RAAL La Louvière,Louvière Green,
racing_fc_union_luxembourg_cucl,Racing FC Union Luxembourg,Luxembourg Blue,
radomiak_radom_cucl,Radomiak Radom,Radom Green,
rakow_czestochowa_cucl,Raków Częstochowa,Częstochowa Red,
rakow_czestochowa_uecl,Raków Częstochowa,Częstochowa Red,
randers_fc_cucl,Randers FC,Randers Sky,
rangers_fc_cucl,Rangers FC,Glasgow Blue,
rangers_fc_uel,Rangers FC,Glasgow Blue,
rapid_vienna_cucl,Rapid Vienna,Vienna Green,
rapid_vienna_uecl,Rapid Vienna,Vienna Green,
rayo_vallecano,Rayo Vallecano,Vallecano Red,
rayo_vallecano_cucl,Rayo Vallecano,Vallecano Red,
rayo_vallecano_uecl,Rayo Vallecano,Vallecano Red,
rb_leipzig,RB Leipzig,Leipzig Red,
rb_leipzig_cucl,RB Leipzig,Leipzig Red,
rb_leipzig_ucl,RB Leipzig,Leipzig Red,
rc_lens,RC Lens,Lens Claret,
rc_lens_cucl,RC Lens,Lens Claret,
rc_strasbourg_alsace,RC Strasbourg Alsace,Alsace Blue,
rc_strasbourg_alsace_cucl,RC Strasbourg Alsace,Alsace Blue,
rc_strasbourg_alsace_uecl,RC Strasbourg Alsace,Alsace Blue,
rcd_espanyol_barcelona,RCD Espanyol Barcelona,Barcelona Blue,
rcd_espanyol_barcelona_cucl,RCD Espanyol Barcelona,Barcelona Blue,
rcd_mallorca,RCD Mallorca,Mallorca Red,
rcd_mallorca_cucl,RCD Mallorca,Mallorca Red,
real_betis_balompie,Real Betis Balompié,Balompié Green,
real_betis_balompie_cucl,Real Betis Balompié,Balompié Green,
real_betis_balompie_uel,Real Betis Balompié,Balompié Green,
real_madrid,Real Madrid,Madrid Navy,
real_madrid_cucl,Real Madrid,Madrid Navy,
real_madrid_ucl,Real Madrid,Madrid Navy,
real_oviedo,Real Oviedo,Oviedo Blue,
real_oviedo_cucl,Real Oviedo,Oviedo Blue,
real_sociedad,Real Sociedad,Sociedad Blue,
real_sociedad_cucl,Real Sociedad,Sociedad Blue,
real_valladolid_cf,Real Valladolid CF,Valladolid Black,
red_bull_salzburg_cucl,Red Bull Salzburg,Salzburg Claret,
red_bull_salzburg_ucl,Red Bull Salzburg,Salzburg Claret,
red_bull_salzburg_uel,Red Bull Salzburg,Salzburg Claret,
red_star_belgrade_cucl,Red Star Belgrade,Belgrade Red & Gold,
red_star_belgrade_ucl,Red Star Belgrade,Belgrade Red & Gold,
red_star_belgrade_uel,Red Star Belgrade,Belgrade Red & Gold,
riga_fc_cucl,Riga FC,Riga Sky,
rio_ave_fc_cucl,Rio Ave FC,Ave Green,
rosenborg_bk_cucl,Rosenborg BK,Rosenborg Black,
royal_antwerp_fc_cucl,Royal Antwerp FC,Antwerp Red,
royal_charleroi_sc_cucl,Royal Charleroi SC,Charleroi Black,
rsc_anderlecht_cucl,RSC Anderlecht,Anderlecht Purple,
rukh_lviv_cucl,Rukh Lviv,Lviv Yellow,
sabah_fk_cucl,Sabah FK,Sabah Black,
samsunspor_cucl,Samsunspor,Samsun Red & White,
samsunspor_uecl,Samsunspor,Samsun Red & White,
sandefjord_fotball_cucl,Sandefjord Fotball,Fotball Blue,
sarpsborg_08_ff_cucl,Sarpsborg 08 FF,Sarpsborg Blue,
saudi_arabia_nt,Saudi Arabia,Saudi Arabia,
sc_braga_cucl,SC Braga,Braga Red,
sc_braga_uel,SC Braga,Braga Red,
sc_faetano_cucl,SC Faetano,Faetano Yellow,
sc_freiburg,SC Freiburg,Freiburg Red,
sc_freiburg_cucl,SC Freiburg,Freiburg Red,
sc_freiburg_uel,SC Freiburg,Freiburg Red,
sc_gjilani_cucl,SC Gjilani,Gjilani Red,
sc_heerenveen_cucl,SC Heerenveen,Heerenveen Black,
sc_otelul_galati_cucl,SC Otelul Galati,Galati Blue,
sc_paderborn_07,SC Paderborn 07,Paderborn Black,
sc_poltava_cucl,SC Poltava,Poltava Red,
sc_telstar_cucl,SC Telstar,Telstar Blue,
scotland_nt,Scotland,Scotland,
scr_altach_cucl,SCR Altach,Altach Yellow,
sd_eibar,SD Eibar,Eibar Black,
sd_huesca,SD Huesca,Huesca Red,
senegal_nt,Senegal,Senegal,
septemvri_sofia_cucl,Septemvri Sofia,Sofia Claret,
servette_fc_cucl,Servette FC,Servette Claret,
sevilla_fc,Sevilla FC,Sevilla Red,
sevilla_fc_cucl,Sevilla FC,Sevilla Red,
shakhtar_donetsk_cucl,Shakhtar Donetsk,Donetsk Orange,
shakhtar_donetsk_ucl,Shakhtar Donetsk,Donetsk Orange,
shakhtar_donetsk_uecl,Shakhtar Donetsk,Donetsk Orange,
shamrock_rovers_cucl,Shamrock Rovers,Shamrock Green,
shamrock_rovers_uecl,Shamrock Rovers,Shamrock Green,
sheffield_united,Sheffield United,Sheffield Red,
shelbourne_fc_cucl,Shelbourne FC,Shelbourne Red,
shelbourne_fc_uecl,Shelbourne FC,Shelbourne Red,
shkendija_tetovo_cucl,Shkendija Tetovo,Tetovo Red,
shkendija_tetovo_uecl,Shkendija Tetovo,Tetovo Red,
sileks_kratovo_cucl,Sileks Kratovo,Kratovo Blue,
silkeborg_if_cucl,Silkeborg IF,Silkeborg Red,
sint_truidense_vv_cucl,Sint-Truidense VV,Sint-Truidense Yellow,
sjk_seinajoki_cucl,SJK Seinäjoki,Seinäjoki Black,
sk_brann_cucl,SK Brann,Brann Red,
sk_brann_uel,SK Brann,Brann Red,
sk_sigma_olomouc_cucl,SK Sigma Olomouc,Olomouc Navy,
sk_sigma_olomouc_uecl,SK Sigma Olomouc,Olomouc Navy,
sk_slavia_prague_cucl,SK Slavia Prague,Prague Black,
sk_slavia_prague_ucl,SK Slavia Prague,Prague Black,
sk_sturm_graz_cucl,SK Sturm Graz,Graz Black,
sk_sturm_graz_ucl,SK Sturm Graz,Graz Black,
sk_sturm_graz_uel,SK Sturm Graz,Graz Black,
sk_super_nova_cucl,SK Super Nova,Nova Yellow,
sl_benfica_cucl,SL Benfica,SL Red,
sl_benfica_ucl,SL Benfica,SL Red,
slaven_belupo_koprivnica_cucl,Slaven Belupo Koprivnica,Koprivnica Blue,
slavia_mozyr_cucl,Slavia Mozyr,Mozyr Red,
slavia_sofia_cucl,Slavia Sofia,Sofia Black,
sliema_wanderers_cucl,Sliema Wanderers,Sliema Blue,
sligo_rovers_cucl,Sligo Rovers,Sligo Red,
slovan_bratislava_cucl,Slovan Bratislava,Bratislava Sky,
slovan_bratislava_ucl,Slovan Bratislava,Bratislava Sky,
slovan_bratislava_uecl,Slovan Bratislava,Bratislava Sky,
sm_caen,SM Caen,Caen Blue,
sonderjyske_fodbold_cucl,Sönderjyske Fodbold,Fodbold Sky,
south_africa_nt,South Africa,South Africa,
southampton_fc,Southampton FC,Southampton Black,
sp_cailungo_cucl,SP Cailungo,Cailungo Red,
sp_tre_penne_cucl,SP Tre Penne,Penne Black,
spain_nt,Spain,Spain,
spal,SPAL,Ferrara Blue,
sparta_rotterdam_cucl,Sparta Rotterdam,Rotterdam Black & White,
spartak_trnava_cucl,Spartak Trnava,Trnava Red,
spartak_varna_cucl,Spartak Varna,Varna Blue,
spezia_calcio,Spezia Calcio,Spezia Black,
sporting_cp_cucl,Sporting CP,CP Black,
sporting_cp_ucl,Sporting CP,CP Black,
spvgg_greuther_furth,SpVgg Greuther Fürth,Fürth Green,
ss_cosmos_cucl,SS Cosmos,Cosmos Green,
ss_folgore_falciano_cucl,SS Folgore/Falciano,Folgore/Falciano Red,
ss_lazio,SS Lazio,Lazio Sky,
ss_lazio_cucl,SS Lazio,Lazio Sky,
ss_murata_cucl,SS Murata,Murata Black,
ss_pennarossa_cucl,SS Pennarossa,Pennarossa Red,
ss_san_giovanni_cucl,SS San Giovanni,Giovanni Red,
ssc_napoli,SSC Napoli,Napoli White,
ssc_napoli_cucl,SSC Napoli,Napoli White,
ssc_napoli_ucl,SSC Napoli,Napoli White,
st_joseph_s_fc_cucl,St Joseph's FC,Joseph's Blue,
st_mirren_fc_cucl,St. Mirren FC,Mirren Yellow,
st_patrick_f_c_cucl,St. Patrick F.C.,F.C. Yellow,
st_patrick_s_athletic_cucl,St. Patrick's Athletic,Patrick's Red,
stade_brestois_29,Stade Brestois 29,Brestois Red,
stade_brestois_29_cucl,Stade Brestois 29,Brestois Red,
stade_brestois_29_ucl,Stade Brestois 29,Brestois Red,
stade_reims,Stade Reims,Reims Red,
stade_rennais_fc,Stade Rennais FC,Rennais Red,
stade_rennais_fc_cucl,Stade Rennais FC,Rennais Red,
standard_liege_cucl,Standard Liège,Liège Red,
stjarnan_gardabaer_cucl,Stjarnan Gardabaer,Gardabaer Blue,
stromsgodset_toppfotball_cucl,Strømsgodset Toppfotball,Toppfotball Navy,
struga_trim_lum_cucl,Struga Trim & Lum,Lum Red,
sumgayit_pfc_cucl,Sumgayit PFC,PFC Purple,
sunderland_afc,Sunderland AFC,Sunderland Red,
sunderland_afc_cucl,Sunderland AFC,Sunderland Red,
sv_darmstadt_98,SV Darmstadt 98,Darmstadt Blue,
sv_ried_cucl,SV Ried,Ried Green,
sv_werder_bremen,SV Werder Bremen,Bremen Green,
sv_werder_bremen_cucl,SV Werder Bremen,Bremen Green,
sweden_nt,Sweden,Sweden,
swift_hesperange_cucl,Swift Hesperange,Hesperange Red,
switzerland_nt,Switzerland,Switzerland,
tarxien_rainbows_football_club_cucl,Tarxien Rainbows Football Club,Rainbows Sky,
the_new_saints_cucl,The New Saints,Saints Blue,
tikves_kavadarci_cucl,Tikves Kavadarci,Kavadarci Red,
tobol_kostanay_cucl,Tobol Kostanay,Kostanay Black,
torino_fc,Torino FC,Turin Claret,
torino_fc_cucl,Torino FC,Turin Claret,
torpedo_belaz_zhodino_cucl,Torpedo-BelAZ Zhodino,Torpedo-BelAZ Black,
torpedo_kutaisi_cucl,Torpedo Kutaisi,Kutaisi Black,
tottenham_hotspur,Tottenham Hotspur,Tottenham Black,
tottenham_hotspur_cucl,Tottenham Hotspur,Tottenham Black,
tottenham_hotspur_ucl,Tottenham Hotspur,Tottenham Black,
trabzonspor_cucl,Trabzonspor,Trabzon Claret,
tre_fiori_fc_cucl,Tre Fiori FC,Fiori Yellow,
troms_il_cucl,Tromsø IL,IL Black,
tsg_1899_hoffenheim,TSG 1899 Hoffenheim,Hoffenheim Blue,
tsg_1899_hoffenheim_cucl,TSG 1899 Hoffenheim,Hoffenheim Blue,
tsv_hartberg_cucl,TSV Hartberg,Hartberg Blue,
tunisia_nt,Tunisia,Tunisia,
turan_tovuz_ik_cucl,Turan-Tovuz IK,Turan-Tovuz Red,
turkiye_nt,Turkiye,Turkiye,
uc_sampdoria,UC Sampdoria,Sampdoria Blue,
ud_almeria,UD Almería,Almería Red,
ud_las_palmas,UD Las Palmas,Palmas Yellow,
udinese_calcio,Udinese Calcio,Udinese Gold,
udinese_calcio_cucl,Udinese Calcio,Udinese Gold,
ue_santa_coloma_cucl,UE Santa Coloma,Coloma Black & Yellow,
ujpest_fc_cucl,Újpest FC,Újpest Purple,
umf_afturelding_cucl,UMF Afturelding,Afturelding Red,
un_kaerjeng_97_cucl,UN Käerjeng 97,Käerjeng Navy,
union_saint_gilloise_cucl,Union Saint-Gilloise,Saint-Gilloise Yellow,
union_saint_gilloise_ucl,Union Saint-Gilloise,Saint-Gilloise Yellow,
union_titus_petange_cucl,Union Titus Petange,Petange Blue,
universitatea_craiova_cucl,Universitatea Craiova,Craiova Blue,
universitatea_craiova_uecl,Universitatea Craiova,Craiova Blue,
uruguay_nt,Uruguay,Uruguay,
us_cremonese,US Cremonese,Cremonese Red,
us_cremonese_cucl,US Cremonese,Cremonese Red,
us_hostert_cucl,US Hostert,Hostert Black,
us_lecce,US Lecce,Lecce Yellow,
us_lecce_cucl,US Lecce,Lecce Yellow,
us_mondorf_les_bains_cucl,US Mondorf-Les-Bains,Mondorf-Les-Bains Sky,
us_salernitana_1919,US Salernitana 1919,Salernitana Claret,
us_sassuolo,US Sassuolo,Sassuolo Green,
us_sassuolo_cucl,US Sassuolo,Sassuolo Green,
usa_nt,United States,United States,
uta_arad_cucl,UTA Arad,Arad Red,
uzbekistan_nt,Uzbekistan,Uzbekistan,
vaasan_palloseura_cucl,Vaasan Palloseura,Palloseura Black,
valencia_cf,Valencia CF,Valencia Black,
valencia_cf_cucl,Valencia CF,Valencia Black,
valerenga_fotball_elite_cucl,Vålerenga Fotball Elite,Elite Blue,
valletta_fc_cucl,Valletta FC,Valletta Red,
valur_reykjavik_cucl,Valur Reykjavík,Reykjavík Red,
vardar_skopje_cucl,Vardar Skopje,Skopje Black,
vejle_boldklub_cucl,Vejle Boldklub,Boldklub Red,
venezia_fc,Venezia FC,Venezia Black,
vestri_cucl,Vestri,Ísafjarðarbær Navy,
vfb_stuttgart,VfB Stuttgart,Stuttgart Red,
vfb_stuttgart_cucl,VfB Stuttgart,Stuttgart Red,
vfb_stuttgart_ucl,VfB Stuttgart,Stuttgart Red,
vfb_stuttgart_uel,VfB Stuttgart,Stuttgart Red,
vfl_bochum,VfL Bochum,Bochum Navy,
vfl_wolfsburg,VfL Wolfsburg,Wolfsburg Navy,
vfl_wolfsburg_cucl,VfL Wolfsburg,Wolfsburg Navy,
viborg_ff_cucl,Viborg FF,Viborg Green,
viking_fk_cucl,Viking FK,Viking Black,
vikingur_g_ta_cucl,Víkingur Gøta,Gøta Sky,
vikingur_reykjavik_cucl,Víkingur Reykjavík,Reykjavík Black & White,
villarreal_cf,Villarreal CF,Villarreal Yellow,
villarreal_cf_cucl,Villarreal CF,Villarreal Yellow,
villarreal_cf_ucl,Villarreal CF,Villarreal Yellow,
vitoria_guimaraes_sc_cucl,Vitória Guimarães SC,Guimarães Black,
volos_nfc_cucl,Volos NFC,NFC Red,
waterford_fc_cucl,Waterford FC,Waterford Blue,
watford_fc,Watford FC,Watford Yellow,
west_bromwich_albion,West Bromwich Albion,Bromwich Navy,
west_ham_united,West Ham United,Ham Claret,
west_ham_united_cucl,West Ham United,Ham Claret,
widzew_lodz_cucl,Widzew Lodz,Lodz Red,
wisla_plock_cucl,Wisla Plock,Plock Blue,
wolfsberger_ac_cucl,Wolfsberger AC,Wolfsberger Blue,
wolverhampton_wanderers,Wolverhampton Wanderers,Wolverhampton Yellow,
wolverhampton_wanderers_cucl,Wolverhampton Wanderers,Wolverhampton Yellow,
wsg_tirol_cucl,WSG Tirol,Tirol Green,
yelimay_semey_cucl,Yelimay Semey,Semey Green,
zaglebie_lubin_cucl,Zaglebie Lubin,Lubin Orange,
zalaegerszegi_te_fc_cucl,Zalaegerszegi TE FC,TE Blue,
zeleziarne_podbrezova_cucl,Zeleziarne Podbrezova,Podbrezova Black,
zemplin_michalovce_cucl,Zemplin Michalovce,Michalovce Yellow,
zhenis_astana_cucl,Zhenis Astana,Astana Yellow & Black,
zhetysu_taldykorgan_cucl,Zhetysu Taldykorgan,Taldykorgan Blue,
zira_fc_cucl,Zira FC,Zira Sky,
zorya_lugansk_cucl,Zorya Lugansk,Lugansk Red,
zulte_waregem_cucl,Zulte Waregem,Waregem Red,
